sample_number,Exp,Day,Plate_well,Sort_id,Snumber,Depth,VAF.varscan,VAF.mutect,VAF.platypus,mean_VAF,DNMT3A
871,LEUK14,21,1_G1,4_F3,S871,129,0.2414,0.098,NA,0.16970000000000002,DNMT3A Mut
978,LEUK14,21,2_C3,7_B4,S978,148,0.3239,0.227,NA,0.27545000000000003,DNMT3A Mut
946,LEUK14,21,1_B11,1_G2,S946,158,0.4384,0.452,NA,0.44520000000000004,DNMT3A Mut
967,LEUK14,21,2_G1,9_A8,S967,249,0.3036,0.237,NA,0.2703,DNMT3A Mut
927,LEUK14,21,1_G8,5_A3,S927,275,0.264,0.381,NA,0.3225,DNMT3A Mut
954,LEUK14,21,1_B12,1_G7,S954,331,0.5128,0.6,NA,0.5564,DNMT3A Mut
898,LEUK14,21,1_B5,1_E1,S898,383,0.3743,0.465,NA,0.41965,DNMT3A Mut
963,LEUK14,21,2_C1,7_A12,S963,462,0.3041,0.368,NA,0.33604999999999996,DNMT3A Mut
944,LEUK14,21,1_H10,5_H1,S944,496,0.3774,0.409,NA,0.3932,DNMT3A Mut
943,LEUK14,21,1_G10,5_B1,S943,1114,0.4799,0.537,NA,0.5084500000000001,DNMT3A Mut
968,LEUK14,21,2_H1,9_E3,S968,1281,0.3608,0.388,NA,0.3744,DNMT3A Mut
1043,LEUK14,21,2_E12,8_E7,S1043,1397,0.4405,0.477,NA,0.45875,DNMT3A Mut
949,LEUK14,21,1_E11,4_A7,S949,1616,0.5314,0.581,NA,0.5562,DNMT3A Mut
942,LEUK14,21,1_F10,4_D8,S942,1660,0.5923,0.64,NA,0.61615,DNMT3A Mut
975,LEUK14,21,2_G2,9_C1,S975,2210,0.1257,0.13,NA,0.12785000000000002,DNMT3A Mut
891,LEUK14,21,1_C4,1_H8,S891,2414,0.6999,0.772,NA,0.73595,DNMT3A Mut
921,LEUK14,21,1_A8,1_B10,S921,2814,0.6832,0.754,NA,0.7186,DNMT3A Mut
1022,LEUK14,21,2_E9,8_D12,S1022,2951,0.5222,0.552,NA,0.5371,DNMT3A Mut
886,LEUK14,21,1_F3,4_C5,S886,3483,0.4621,0.501,NA,0.48155000000000003,DNMT3A Mut
947,LEUK14,21,1_C11,2_C9,S947,3692,0.2122,0.217,NA,0.2146,DNMT3A Mut
1030,LEUK14,21,2_F10,8_H3,S1030,4185,0.3223,0.329,NA,0.32565,DNMT3A Mut
981,LEUK14,21,2_F3,8_E12,S981,5411,0.4725,0.504,NA,0.48824999999999996,DNMT3A Mut
934,LEUK14,21,1_F9,4_D7,S934,5432,0.4803,0.516,NA,0.49815,DNMT3A Mut
1045,LEUK14,21,2_G12,9_D12,S1045,5489,0.8859,0.962,NA,0.92395,DNMT3A Mut
922,LEUK14,21,1_B8,1_F3,S922,6131,0.8232,0.858,NA,0.8406,DNMT3A Mut
1029,LEUK14,21,2_E10,8_E2,S1029,8065,0.4915,0.536,NA,0.51375,DNMT3A Mut
1007,LEUK14,21,2_D7,7_F7,S1007,9587,0.425,0.44,NA,0.4325,DNMT3A Mut
950,LEUK14,21,1_F11,4_E10,S950,9621,0.0179,0.022,NA,0.01995,DNMT3A WT
912,LEUK14,21,1_H6,5_E10,S912,10059,0.0171,0.014,NA,0.015550000000000001,DNMT3A WT
980,LEUK14,21,2_E3,7_H5,S980,10088,0.5879,0.644,NA,0.61595,DNMT3A Mut
889,LEUK14,21,1_A4,1_A7,S889,12162,0.5171,0.557,NA,0.53705,DNMT3A Mut
919,LEUK14,21,1_G7,4_H7,S919,12905,0.6073,0.652,NA,0.62965,DNMT3A Mut
866,LEUK14,21,1_B1,1_D2,S866,13591,0.1479,0.16,NA,0.15395,DNMT3A Mut
972,LEUK14,21,2_D2,7_E6,S972,13765,0.4841,0.497,NA,0.49055,DNMT3A Mut
913,LEUK14,21,1_A7,1_B7,S913,14250,0.5046,0.531,NA,0.5178,DNMT3A Mut
1028,LEUK14,21,2_D10,7_G1,S1028,14279,0.452,0.477,NA,0.4645,DNMT3A Mut
936,LEUK14,21,1_H9,5_F7,S936,14465,0.465,0.504,NA,0.48450000000000004,DNMT3A Mut
964,LEUK14,21,2_D1,7_E4,S964,14603,0.6564,0.706,NA,0.6812,DNMT3A Mut
1015,LEUK14,21,2_E8,8_D4,S1015,14782,0.5281,0.579,NA,0.55355,DNMT3A Mut
917,LEUK14,21,1_E7,3_G1,S917,15750,0.5925,0.63,NA,0.6112500000000001,DNMT3A Mut
970,LEUK14,21,2_B2,6_F11,S970,15849,0.4785,0.523,NA,0.50075,DNMT3A Mut
923,LEUK14,21,1_C8,2_B2,S923,15899,0.442,0.489,NA,0.4655,DNMT3A Mut
1016,LEUK14,21,2_F8,8_G9,S1016,16561,0.0203,0.023,NA,0.02165,DNMT3A Mut
920,LEUK14,21,1_H7,5_F1,S920,16776,0.5028,0.541,NA,0.5219,DNMT3A Mut
1017,LEUK14,21,2_G8,9_C12,S1017,17317,0.4136,0.445,NA,0.4293,DNMT3A Mut
1024,LEUK14,21,2_G9,9_D7,S1024,17552,0.4681,0.508,NA,0.48805,DNMT3A Mut
984,LEUK14,21,2_B4,6_G10,S984,19115,0.4497,0.484,NA,0.46685,DNMT3A Mut
878,LEUK14,21,1_F2,4_B11,S878,19132,0.2235,0.248,NA,0.23575000000000002,DNMT3A Mut
1008,LEUK14,21,2_E7,8_B3,S1008,19381,0.6515,0.693,NA,0.67225,DNMT3A Mut
896,LEUK14,21,1_H4,5_C5,S896,19659,0.4661,0.503,NA,0.48455000000000004,DNMT3A Mut
939,LEUK14,21,1_C10,2_C6,S939,20747,0.2276,0.254,NA,0.24080000000000001,DNMT3A Mut
1020,LEUK14,21,2_C9,7_D5,S1020,20911,0.3105,0.327,NA,0.31875,DNMT3A Mut
998,LEUK14,21,2_B6,6_H2,S998,21156,0.43120000000000003,0.451,NA,0.44110000000000005,DNMT3A Mut
914,LEUK14,21,1_B7,1_E7,S914,22047,0.4807,0.523,NA,0.50185,DNMT3A Mut
1038,LEUK14,21,2_G11,9_D11,S1038,23456,0.4692,0.499,NA,0.4841,DNMT3A Mut
1002,LEUK14,21,2_F6,8_F7,S1002,24238,0.5464,0.571,NA,0.5587,DNMT3A Mut
999,LEUK14,21,2_C6,7_B9,S999,24440,0.3475,0.385,NA,0.36624999999999996,DNMT3A Mut
879,LEUK14,21,1_G2,4_F10,S879,24487,0.5055,0.544,NA,0.52475,DNMT3A Mut
893,LEUK14,21,1_E4,3_E7,S893,24961,0.0616,0.07,NA,0.0658,DNMT3A Mut
915,LEUK14,21,1_C7,2_A10,S915,25523,0.0238,0.025,NA,0.0244,DNMT3A Mut
945,LEUK14,21,1_A11,1_C4,S945,25901,0.4472,0.47,NA,0.4586,DNMT3A Mut
965,LEUK14,21,2_E1,7_G10,S965,26628,0.5685,0.595,NA,0.58175,DNMT3A Mut
904,LEUK14,21,1_H5,5_D2,S904,26836,0.3593,0.371,NA,0.36515,DNMT3A Mut
874,LEUK14,21,1_B2,1_D4,S874,27162,0.5747,0.625,NA,0.59985,DNMT3A Mut
890,LEUK14,21,1_B4,1_D12,S890,27410,0.4034,0.43,NA,0.41669999999999996,DNMT3A Mut
1005,LEUK14,21,2_B7,6_H3,S1005,27896,0.463,0.503,NA,0.483,DNMT3A Mut
1010,LEUK14,21,2_G7,9_C11,S1010,28364,0.0215,0.024,NA,0.02275,DNMT3A Mut
993,LEUK14,21,2_D5,7_E10,S993,28541,0.5141,0.566,NA,0.5400499999999999,DNMT3A Mut
924,LEUK14,21,1_D8,3_B7,S924,28789,0.7353,0.78,NA,0.7576499999999999,DNMT3A Mut
916,LEUK14,21,1_D7,3_A5,S916,29286,0.3615,0.382,NA,0.37175,DNMT3A Mut
953,LEUK14,21,1_A12,1_C12,S953,29299,0.4032,0.428,NA,0.41559999999999997,DNMT3A Mut
995,LEUK14,21,2_F5,8_F5,S995,30005,0.4131,0.428,NA,0.42055,DNMT3A Mut
926,LEUK14,21,1_F8,4_D2,S926,30204,0.4629,0.493,NA,0.47795,DNMT3A Mut
941,LEUK14,21,1_E10,4_A5,S941,30878,0.6979,0.753,NA,0.7254499999999999,DNMT3A Mut
960,LEUK14,21,1_H12,6_A5,S960,31258,0.4805,0.511,NA,0.49575,DNMT3A Mut
868,LEUK14,21,1_D1,2_C11,S868,31688,0.3004,0.32,NA,0.31020000000000003,DNMT3A Mut
1027,LEUK14,21,2_C10,7_D9,S1027,31819,0.4628,0.485,NA,0.4739,DNMT3A Mut
969,LEUK14,21,2_A2,6_B3,S969,32041,0.5343,0.569,NA,0.55165,DNMT3A Mut
1039,LEUK14,21,2_A12,6_E9,S1039,32510,0.4225,0.428,NA,0.42525,DNMT3A Mut
883,LEUK14,21,1_C3,1_H4,S883,32765,0.5345,0.578,NA,0.5562499999999999,DNMT3A Mut
895,LEUK14,21,1_G4,4_G4,S895,33175,0.7418,0.804,NA,0.7729,DNMT3A Mut
882,LEUK14,21,1_B3,1_D10,S882,33335,0.4,0.414,NA,0.40700000000000003,DNMT3A Mut
957,LEUK14,21,1_E12,4_A10,S957,34331,0.5103,0.534,NA,0.52215,DNMT3A Mut
925,LEUK14,21,1_E8,3_H5,S925,35925,0.4547,0.489,NA,0.47185,DNMT3A Mut
873,LEUK14,21,1_A2,1_A3,S873,36042,0.2823,0.312,NA,0.29715,DNMT3A Mut
899,LEUK14,21,1_C5,2_A6,S899,36758,0.5096,0.551,NA,0.5303,DNMT3A Mut
938,LEUK14,21,1_B10,1_F8,S938,37063,0.28,0.289,NA,0.2845,DNMT3A Mut
959,LEUK14,21,1_G12,5_B4,S959,37188,0.3207,0.342,NA,0.33135000000000003,DNMT3A Mut
996,LEUK14,21,2_G5,9_C6,S996,38216,0.5954,0.635,NA,0.6152,DNMT3A Mut
894,LEUK14,21,1_F4,4_C7,S894,38327,0.5258,0.57,NA,0.5479,DNMT3A Mut
881,LEUK14,21,1_A3,1_A5,S881,38371,0.5745,0.606,NA,0.5902499999999999,DNMT3A Mut
1026,LEUK14,21,2_B10,7_A6,S1026,38501,0.4616,0.486,NA,0.4738,DNMT3A Mut
876,LEUK14,21,1_D2,2_C12,S876,38564,0.2602,0.274,NA,0.2671,DNMT3A Mut
892,LEUK14,21,1_D4,2_G6,S892,38874,0.0223,0.028,NA,0.02515,DNMT3A Mut
906,LEUK14,21,1_B6,1_E5,S906,39131,0.4184,0.439,NA,0.42869999999999997,DNMT3A Mut
979,LEUK14,21,2_D3,7_E7,S979,39549,0.4339,0.464,NA,0.44895,DNMT3A Mut
888,LEUK14,21,1_H3,5_C2,S888,41843,0.4003,0.441,NA,0.42064999999999997,DNMT3A Mut
989,LEUK14,21,2_G4,9_C4,S989,41869,0.415,0.442,NA,0.4285,DNMT3A Mut
884,LEUK14,21,1_D3,2_F10,S884,42030,0.1018,0.108,NA,0.1049,DNMT3A Mut
973,LEUK14,21,2_E2,7_H3,S973,42900,0.5277,0.552,NA,0.5398499999999999,DNMT3A Mut
903,LEUK14,21,1_G5,4_G6,S903,43079,0.575,0.593,NA,0.584,DNMT3A Mut
875,LEUK14,21,1_C2,1_G12,S875,43267,0.4574,0.479,NA,0.46819999999999995,DNMT3A Mut
977,LEUK14,21,2_B3,6_G5,S977,43551,0.512,0.541,NA,0.5265,DNMT3A Mut
1018,LEUK14,21,2_A9,6_E2,S1018,43779,0.479,0.507,NA,0.493,DNMT3A Mut
976,LEUK14,21,2_A3,6_B6,S976,44790,0.5173,0.549,NA,0.53315,DNMT3A Mut
887,LEUK14,21,1_G3,4_F11,S887,45701,0.4572,0.468,NA,0.4626,DNMT3A Mut
974,LEUK14,21,2_F2,8_E10,S974,45884,0.0221,0.025,NA,0.02355,DNMT3A Mut
905,LEUK14,21,1_A6,1_B1,S905,46409,0.5791,0.655,NA,0.61705,DNMT3A Mut
902,LEUK14,21,1_F5,4_C10,S902,46625,0.3397,0.367,NA,0.35335,DNMT3A Mut
1032,LEUK14,21,2_A11,6_E5,S1032,46683,0.4441,0.452,NA,0.44805,DNMT3A Mut
961,LEUK14,21,2_A1,6_B1,S961,47105,0.0217,0.022,NA,0.02185,DNMT3A Mut
937,LEUK14,21,1_A10,1_C2,S937,47463,0.5877,0.628,NA,0.60785,DNMT3A Mut
1001,LEUK14,21,2_E6,8_A9,S1001,47678,0.4626,0.491,NA,0.4768,DNMT3A Mut
983,LEUK14,21,2_A4,6_B7,S983,48116,0.4899,0.514,NA,0.50195,DNMT3A Mut
872,LEUK14,21,1_H1,5_B7,S872,48381,0.5436,0.576,NA,0.5598,DNMT3A Mut
997,LEUK14,21,2_A6,6_B10,S997,48803,0.495,0.526,NA,0.5105,DNMT3A Mut
877,LEUK14,21,1_E2,3_D11,S877,48820,0.4815,0.522,NA,0.50175,DNMT3A Mut
928,LEUK14,21,1_H8,5_F6,S928,49916,0.7077,0.75,NA,0.72885,DNMT3A Mut
870,LEUK14,21,1_F1,4_B4,S870,50037,0.4784,0.513,NA,0.49570000000000003,DNMT3A Mut
869,LEUK14,21,1_E1,3_D10,S869,50098,0.4526,0.482,NA,0.4673,DNMT3A Mut
962,LEUK14,21,2_B1,6_F4,S962,50717,0.5535,0.592,NA,0.57275,DNMT3A Mut
932,LEUK14,21,1_D9,3_C11,S932,50739,0.2969,0.32,NA,0.30845,DNMT3A Mut
948,LEUK14,21,1_D11,3_D8,S948,50803,0.4249,0.472,NA,0.44845,DNMT3A Mut
1019,LEUK14,21,2_B9,7_A1,S1019,51025,0.4016,0.427,NA,0.4143,DNMT3A Mut
1044,LEUK14,21,2_F12,9_A5,S1044,51103,0.4722,0.511,NA,0.49160000000000004,DNMT3A Mut
1004,LEUK14,21,2_A7,6_C9,S1004,51794,0.5958,0.64,NA,0.6179,DNMT3A Mut
909,LEUK14,21,1_E6,3_F9,S909,51897,0.3901,0.404,NA,0.39705,DNMT3A Mut
985,LEUK14,21,2_C4,7_B6,S985,52059,0.4168,0.46,NA,0.4384,DNMT3A Mut
1003,LEUK14,21,2_G6,9_C8,S1003,52532,0.0237,0.03,NA,0.02685,DNMT3A Mut
955,LEUK14,21,1_C12,2_C10,S955,52566,0.076,0.072,NA,0.074,DNMT3A Mut
929,LEUK14,21,1_A9,1_C1,S929,52671,0.3051,0.326,NA,0.31555,DNMT3A Mut
865,LEUK14,21,1_A1,1_A2,S865,52679,0.5119,0.53,NA,0.52095,DNMT3A Mut
1037,LEUK14,21,2_F11,9_A2,S1037,53425,0.2347,0.265,NA,0.24985000000000002,DNMT3A Mut
1041,LEUK14,21,2_C12,7_D12,S1041,53926,0.4868,0.504,NA,0.4954,DNMT3A Mut
958,LEUK14,21,1_F12,4_F1,S958,54220,0.6852,0.741,NA,0.7131000000000001,DNMT3A Mut
867,LEUK14,21,1_C1,1_G9,S867,54525,0.509,0.554,NA,0.5315000000000001,DNMT3A Mut
1040,LEUK14,21,2_B12,7_A9,S1040,54555,0.8015,0.873,NA,0.83725,DNMT3A Mut
940,LEUK14,21,1_D10,3_D4,S940,54810,0.2811,0.29,NA,0.28554999999999997,DNMT3A Mut
991,LEUK14,21,2_B5,6_G12,S991,54814,0.3591,0.391,NA,0.37505,DNMT3A Mut
1006,LEUK14,21,2_C7,7_C7,S1006,55144,0.4586,0.508,NA,0.4833,DNMT3A Mut
971,LEUK14,21,2_C2,7_B2,S971,55544,0.5171,0.571,NA,0.5440499999999999,DNMT3A Mut
1036,LEUK14,21,2_E11,8_E3,S1036,55596,0.2703,0.284,NA,0.27715,DNMT3A Mut
907,LEUK14,21,1_C6,2_A8,S907,56775,0.5649,0.609,NA,0.58695,DNMT3A Mut
935,LEUK14,21,1_G9,5_A11,S935,57126,0.5716,0.609,NA,0.5903,DNMT3A Mut
1031,LEUK14,21,2_G10,9_D8,S1031,57173,0.3768,0.409,NA,0.3929,DNMT3A Mut
1035,LEUK14,21,2_D11,7_G3,S1035,57180,0.4853,0.492,NA,0.48865000000000003,DNMT3A Mut
1009,LEUK14,21,2_F7,8_G2,S1009,57720,0.4771,0.519,NA,0.49805,DNMT3A Mut
1000,LEUK14,21,2_D6,7_F1,S1000,61248,0.0214,0.025,NA,0.0232,DNMT3A Mut
990,LEUK14,21,2_A5,6_B8,S990,61623,0.3375,0.371,NA,0.35425,DNMT3A Mut
900,LEUK14,21,1_D5,2_G11,S900,61758,0.4675,0.481,NA,0.47425,DNMT3A Mut
880,LEUK14,21,1_H2,5_B11,S880,61809,0.4682,0.489,NA,0.4786,DNMT3A Mut
951,LEUK14,21,1_G11,5_B2,S951,62198,0.2478,0.259,NA,0.2534,DNMT3A Mut
1042,LEUK14,21,2_D12,7_G4,S1042,62530,0.471,0.493,NA,0.482,DNMT3A Mut
1011,LEUK14,21,2_A8,6_D1,S1011,64203,0.0246,0.023,NA,0.0238,DNMT3A Mut
994,LEUK14,21,2_E5,7_H12,S994,64288,0.5684,0.609,NA,0.5887,DNMT3A Mut
966,LEUK14,21,2_F1,8_E8,S966,68686,0.4659,0.505,NA,0.48545,DNMT3A Mut
1014,LEUK14,21,2_D8,7_F10,S1014,72357,0.4729,0.484,NA,0.47845,DNMT3A Mut
952,LEUK14,21,1_H11,5_H4,S952,73052,0.4987,0.534,NA,0.51635,DNMT3A Mut
901,LEUK14,21,1_E5,3_F1,S901,75104,0.4903,0.515,NA,0.50265,DNMT3A Mut
982,LEUK14,21,2_G3,9_C2,S982,75463,0.4694,0.51,NA,0.4897,DNMT3A Mut
987,LEUK14,21,2_E4,7_H11,S987,75838,0.4954,0.543,NA,0.5192,DNMT3A Mut
1023,LEUK14,21,2_F9,8_G11,S1023,76758,0.3669,0.38,NA,0.37345,DNMT3A Mut
1021,LEUK14,21,2_D9,7_F12,S1021,77180,0.6116,0.664,NA,0.6378,DNMT3A Mut
1013,LEUK14,21,2_C8,7_C12,S1013,77542,0.5174,0.537,NA,0.5272,DNMT3A Mut
988,LEUK14,21,2_F4,8_F4,S988,78802,0.6414,0.698,NA,0.6697,DNMT3A Mut
1025,LEUK14,21,2_A10,6_E3,S1025,78902,0.4711,0.492,NA,0.48155000000000003,DNMT3A Mut
930,LEUK14,21,1_B9,1_F4,S930,79312,0.2309,0.238,NA,0.23445,DNMT3A Mut
956,LEUK14,21,1_D12,3_D9,S956,80763,0.4578,0.481,NA,0.4694,DNMT3A Mut
992,LEUK14,21,2_C5,7_B7,S992,81781,0.5289,0.548,NA,0.5384500000000001,DNMT3A Mut
1034,LEUK14,21,2_C11,7_D11,S1034,82403,0.4931,0.526,NA,0.50955,DNMT3A Mut
918,LEUK14,21,1_F7,4_D1,S918,85031,0.6175,0.666,NA,0.64175,DNMT3A Mut
986,LEUK14,21,2_D4,7_E9,S986,89880,0.4336,0.449,NA,0.4413,DNMT3A Mut
908,LEUK14,21,1_D6,2_H9,S908,94537,0.0159,0.02,NA,0.01795,DNMT3A WT
1033,LEUK14,21,2_B11,7_A8,S1033,94724,0.5453,0.558,NA,0.55165,DNMT3A Mut
1012,LEUK14,21,2_B8,6_H10,S1012,96040,0.3591,0.386,NA,0.37255,DNMT3A Mut
933,LEUK14,21,1_E9,3_H7,S933,99945,0.0174,0.015,NA,0.0162,DNMT3A WT
897,LEUK14,21,1_A5,1_A12,S897,103955,0.1746,0.194,NA,0.18430000000000002,DNMT3A Mut
911,LEUK14,21,1_G6,4_H3,S911,108160,0.4969,0.538,NA,0.51745,DNMT3A Mut
885,LEUK14,21,1_E3,3_E6,S885,110380,0.3284,0.361,NA,0.3447,DNMT3A Mut
910,LEUK14,21,1_F6,4_C11,S910,128213,0.4548,0.491,NA,0.4729,DNMT3A Mut
931,LEUK14,21,1_C9,2_C1,S931,200291,0.0505,0.053,NA,0.051750000000000004,DNMT3A Mut
